<?xml version="1.0" encoding="UTF-8"?>
<project-private xmlns="http://www.netbeans.org/ns/project-private/1">
    <editor-bookmarks xmlns="http://www.netbeans.org/ns/editor-bookmarks/2" lastBookmarkId="0"/>
    <open-files xmlns="http://www.netbeans.org/ns/projectui-open-files/2">
        <group>
            <file>file:/C:/Users/Admin/Documents/ICS3U/Unit%204/Programs/U4A3CulminatingKNir/src/u4a3culminatingknir/D_DirectAndPartialVariation.java</file>
            <file>file:/C:/Users/Admin/Documents/ICS3U/Unit%204/Programs/U4A3CulminatingKNir/src/u4a3culminatingknir/PracticeQuestions.java</file>
            <file>file:/C:/Users/Admin/Documents/ICS3U/Unit%204/Programs/U4A3CulminatingKNir/src/u4a3culminatingknir/UserManual.java</file>
            <file>file:/C:/Users/Admin/Documents/ICS3U/Unit%204/Programs/U4A3CulminatingKNir/src/u4a3culminatingknir/PracticeQuestions_Solutions.java</file>
            <file>file:/C:/Users/Admin/Documents/ICS3U/Unit%204/Programs/U4A3CulminatingKNir/src/u4a3culminatingknir/E_WhatIsSlope.java</file>
            <file>file:/C:/Users/Admin/Documents/ICS3U/Unit%204/Programs/U4A3CulminatingKNir/src/u4a3culminatingknir/Quiz.java</file>
            <file>file:/C:/Users/Admin/Documents/ICS3U/Unit%204/Programs/U4A3CulminatingKNir/src/u4a3culminatingknir/Z_CulminatingProjectJFrameTester.java</file>
            <file>file:/C:/Users/Admin/Documents/ICS3U/Unit%204/Programs/U4A3CulminatingKNir/src/u4a3culminatingknir/Quiz_Solutions.java</file>
            <file>file:/C:/Users/Admin/Documents/ICS3U/Unit%204/Programs/U4A3CulminatingKNir/src/u4a3culminatingknir/F_HowToCalculateSlope.java</file>
            <file>file:/C:/Users/Admin/Documents/ICS3U/Unit%204/Programs/U4A3CulminatingKNir/src/u4a3culminatingknir/G_EquationOfALine.java</file>
            <file>file:/C:/Users/Admin/Documents/ICS3U/Unit%204/Programs/U4A3CulminatingKNir/src/u4a3culminatingknir/C_RateOfChange.java</file>
            <file>file:/C:/Users/Admin/Documents/ICS3U/Unit%204/Programs/U4A3CulminatingKNir/src/u4a3culminatingknir/B_IntroPage.java</file>
            <file>file:/C:/Users/Admin/Documents/ICS3U/Unit%204/Programs/U4A3CulminatingKNir/src/u4a3culminatingknir/A_Menu.java</file>
        </group>
    </open-files>
</project-private>
